JDTDB,Calendar Date (TDB),X,Y,Z,Unnamed: 5,distance_from_origin
2451214.540613426, A.D. 1999-Feb-05 00:58:29.0000,-288747920.4014895,24757945.55630772,22126855.53510034,,290650847.4789386
2451215.540613426, A.D. 1999-Feb-06 00:58:29.0000,-289446587.3203819,23035934.93346225,22866787.85207847,,291260830.1786324
2451216.540613426, A.D. 1999-Feb-07 00:58:29.0000,-290133649.6015852,21313000.30706115,23605803.31485712,,291871568.61085993
2451217.540613426, A.D. 1999-Feb-08 00:58:29.0000,-290809152.5744454,19589216.10934052,24343878.22074887,,292483033.72276515
2451218.540613426, A.D. 1999-Feb-09 00:58:29.0000,-291473141.8477991,17864655.90511964,25080989.23178605,,293095196.7707429
2451219.540613426, A.D. 1999-Feb-10 00:58:29.0000,-292125663.2967085,16139392.39760209,25817113.37101007,,293708029.3187731
2451220.540613426, A.D. 1999-Feb-11 00:58:29.0000,-292766763.0494693,14413497.43427704,26552228.01875284,,294321503.2367017
2451221.540613426, A.D. 1999-Feb-12 00:58:29.0000,-293396487.4748839,12687042.01291503,27286310.90891188,,294935590.6984693
2451222.540613426, A.D. 1999-Feb-13 00:58:29.0000,-294014883.1697997,10960096.28765337,28019340.125221,,295550264.1802887
2451223.540613426, A.D. 1999-Feb-14 00:58:29.0000,-294621996.946905,9232729.575167052,28751294.0975184,,296165496.4587743
2451224.540613426, A.D. 1999-Feb-15 00:58:29.0000,-295217875.8227791,7505010.360921682,29482151.59801376,,296781260.609021
2451225.540613426, A.D. 1999-Feb-16 00:58:29.0000,-295802567.0061936,5777006.30550539,30211891.73755629,,297397530.0026369
2451226.540613426, A.D. 1999-Feb-17 00:58:29.0000,-296376117.8866599,4048784.251037874,30940493.96190543,,298014278.3057307
2451227.540613426, A.D. 1999-Feb-18 00:58:29.0000,-296938576.0232202,2320410.227655286,31667938.04800605,,298631479.476854
2451228.540613426, A.D. 1999-Feb-19 00:58:29.0000,-297489989.1334819,591949.4600703884,32394204.1002703,,299249107.76490617
2451229.540613426, A.D. 1999-Feb-20 00:58:29.0000,-298030405.0828919,-1136533.625792298,33119272.54686797,,299867137.707
2451230.540613426, A.D. 1999-Feb-21 00:58:29.0000,-298559871.8742558,-2864975.396086989,33843124.13602761,,300485544.12630033
2451231.540613426, A.D. 1999-Feb-22 00:58:29.0000,-299078437.6375028,-4593313.002263853,34565739.93235055,,301104302.1298389
2451232.540613426, A.D. 1999-Feb-23 00:58:29.0000,-299586150.6197013,-6321484.374215927,35287101.31313995,,301723387.1063157
2451233.540613426, A.D. 1999-Feb-24 00:58:29.0000,-300083059.1753337,-8049428.213360809,36007189.96474701,,302342774.7238988
2451234.540613426, A.D. 1999-Feb-25 00:58:29.0000,-300569211.7568361,-9777083.98566774,36725987.87893585,,302962440.92803377
2451235.540613426, A.D. 1999-Feb-26 00:58:29.0000,-301044656.9054053,-11504391.91463828,37443477.34926844,,303582361.93926674
2451236.540613426, A.D. 1999-Feb-27 00:58:29.0000,-301509443.2420861,-13231292.97426289,38159640.96751033,,304202514.2511035
2451237.540613426, A.D. 1999-Feb-28 00:58:29.0000,-301963619.4591259,-14957728.88196769,38874461.62005697,,304822874.6278919
2451238.540613426, A.D. 1999-Mar-01 00:58:29.0000,-302407234.3115997,-16683642.09157228,39587922.48438007,,305443420.1027413
2451239.540613426, A.D. 1999-Mar-02 00:58:29.0000,-302840336.6092891,-18408975.7862782,40300007.02549309,,306064127.9754655
2451240.540613426, A.D. 1999-Mar-03 00:58:29.0000,-303262975.2087993,-20133673.87170265,41010698.99243407,,306684975.81054235
2451241.540613426, A.D. 1999-Mar-04 00:58:29.0000,-303675199.0058933,-21857680.96896625,41719982.41476512,,307305941.4350759
2451242.540613426, A.D. 1999-Mar-05 00:58:29.0000,-304077056.9280202,-23580942.40783683,42427841.59908694,,307927002.9367437
2451243.540613426, A.D. 1999-Mar-06 00:58:29.0000,-304468597.9270191,-25303404.2199266,43134261.12556899,,308548138.6617177
2451244.540613426, A.D. 1999-Mar-07 00:58:29.0000,-304849870.9719821,-27025013.13193344,43839225.84449524,,309169327.2125486
2451245.540613426, A.D. 1999-Mar-08 00:58:29.0000,-305220925.0422645,-28745716.55891592,44542720.87282632,,309790547.4460054
2451246.540613426, A.D. 1999-Mar-09 00:58:29.0000,-305581809.1206373,-30465462.59758787,45244731.59078063,,310411778.4708699
2451247.540613426, A.D. 1999-Mar-10 00:58:29.0000,-305932572.186578,-32184200.01962095,45945243.63843545,,311032999.645687
2451248.540613426, A.D. 1999-Mar-11 00:58:29.0000,-306273263.2097077,-33901878.26495001,46644242.91235028,,311654190.5764797
2451249.540613426, A.D. 1999-Mar-12 00:58:29.0000,-306603931.1433743,-35618447.4350743,47341715.56221435,,312275331.11443466
2451250.540613426, A.D. 1999-Mar-13 00:58:29.0000,-306924624.9183869,-37333858.28634942,48037647.98751992,,312896401.3535639
2451251.540613426, A.D. 1999-Mar-14 00:58:29.0000,-307235393.4369102,-39048062.22327619,48732026.83426242,,313517381.62835747
2451252.540613426, A.D. 1999-Mar-15 00:58:29.0000,-307536285.5665194,-40761011.2917854,49424838.99166867,,314138252.51142716
2451253.540613426, A.D. 1999-Mar-16 00:58:29.0000,-307827350.1344181,-42472658.17252348,50116071.58895382,,314758994.811152
2451254.540613426, A.D. 1999-Mar-17 00:58:29.0000,-308108635.9218217,-44182956.17414407,50805711.99210744,,315379589.56932676
2451255.540613426, A.D. 1999-Mar-18 00:58:29.0000,-308380191.6585049,-45891859.22661042,51493747.80070914,,316000018.05881953
2451256.540613426, A.D. 1999-Mar-19 00:58:29.0000,-308642066.0175132,-47599321.87451364,52180166.84477389,,316620261.78124005
2451257.540613426, A.D. 1999-Mar-20 00:58:29.0000,-308894307.6100333,-49305299.27041098,52864957.1816271,,317240302.4646174
2451258.540613426, A.D. 1999-Mar-21 00:58:29.0000,-309136964.9804239,-51009747.16818876,53548107.09280957,,317860122.06109375
2451259.540613426, A.D. 1999-Mar-22 00:58:29.0000,-309370086.601398,-52712621.91645309,54229605.0810122,,318479702.744627
2451260.540613426, A.D. 1999-Mar-23 00:58:29.0000,-309593720.8693603,-54413880.45195185,54909439.86704067,,319099026.9087119
2451261.540613426, A.D. 1999-Mar-24 00:58:29.0000,-309807916.0998887,-56113480.29303015,55587600.38680976,,319718077.1641097
2451262.540613426, A.D. 1999-Mar-25 00:58:29.0000,-310012720.523362,-57811379.53312234,56264075.78836779,,320336836.3365944
2451263.540613426, A.D. 1999-Mar-26 00:58:29.0000,-310208182.2807261,-59507536.83428125,56938855.42895058,,320955287.4647097
2451264.540613426, A.D. 1999-Mar-27 00:58:29.0000,-310394349.419399,-61201911.42074763,57611928.87206551,,321573413.7975416
2451265.540613426, A.D. 1999-Mar-28 00:58:29.0000,-310571269.8893076,-62894463.0725605,58283285.88460524,,322191198.79250187
2451266.540613426, A.D. 1999-Mar-29 00:58:29.0000,-310738991.5390553,-64585152.11920946,58952916.43399133,,322808626.1131255
2451267.540613426, A.D. 1999-Mar-30 00:58:29.0000,-310897562.1122161,-66273939.43333073,59620810.68534773,,323425679.6268814
2451268.540613426, A.D. 1999-Mar-31 00:58:29.0000,-311047029.243753,-67960786.42444715,60286958.99870406,,324042343.4029955
2451269.540613426, A.D. 1999-Apr-01 00:58:29.0000,-311187440.4565567,-69645655.03275347,60951351.92622876,,324658601.7102878
2451270.540613426, A.D. 1999-Apr-02 00:58:29.0000,-311318843.1581022,-71328507.72294722,61613980.20949195,,325274439.015022
2451271.540613426, A.D. 1999-Apr-03 00:58:29.0000,-311441284.6372206,-73009307.47810638,62274834.77675822,,325889839.9787687
2451272.540613426, A.D. 1999-Apr-04 00:58:29.0000,-311554812.0609833,-74688017.79361397,62933906.74030909,,326504789.4562831
2451273.540613426, A.D. 1999-Apr-05 00:58:29.0000,-311659472.4716956,-76364602.67113027,63591187.39379516,,327119272.4933949
2451274.540613426, A.D. 1999-Apr-06 00:58:29.0000,-311755312.7839978,-78039026.61261326,64246668.20961799,,327733274.3249138
2451275.540613426, A.D. 1999-Apr-07 00:58:29.0000,-311842379.7820705,-79711254.61438763,64900340.83634153,,328346780.3725478
2451276.540613426, A.D. 1999-Apr-08 00:58:29.0000,-311920720.1169426,-81381252.16126285,65552197.09613305,,328959776.24283695
2451277.540613426, A.D. 1999-Apr-09 00:58:29.0000,-311990380.3038982,-83048985.22070058,66202228.98223363,,329572247.72510093
2451278.540613426, A.D. 1999-Apr-10 00:58:29.0000,-312051406.7199818,-84714420.23703173,66850428.6564578,,330184180.78940135
2451279.540613426, A.D. 1999-Apr-11 00:58:29.0000,-312103845.6015982,-86377524.12572375,67496788.44672264,,330795561.58451986
2451280.540613426, A.D. 1999-Apr-12 00:58:29.0000,-312147743.0422048,-88038264.26769817,68141300.84460586,,331406376.4359498
2451281.540613426, A.D. 1999-Apr-13 00:58:29.0000,-312183144.9900963,-89696608.50369866,68783958.502933,,332016611.84390527
2451282.540613426, A.D. 1999-Apr-14 00:58:29.0000,-312210097.2462757,-91352525.12871005,69424754.2333934,,332626254.4813437
2451283.540613426, A.D. 1999-Apr-15 00:58:29.0000,-312228645.4624131,-93005982.88642812,70063681.00418511,,333235291.19200444
2451284.540613426, A.D. 1999-Apr-16 00:58:29.0000,-312238835.1388891,-94656950.96378088,70700731.93768811,,333843708.98846483
2451285.540613426, A.D. 1999-Apr-17 00:58:29.0000,-312240711.62292,-96305398.98550096,71335900.30816633,,334451495.05021
2451286.540613426, A.D. 1999-Apr-18 00:58:29.0000,-312234320.1067626,-97951297.00874956,71969179.53949755,,335058636.7217192
2451287.540613426, A.D. 1999-Apr-19 00:58:29.0000,-312219705.6259996,-99594615.51779208,72600563.20293188,,335665121.5105699
2451288.540613426, A.D. 1999-Apr-20 00:58:29.0000,-312196913.0578994,-101235325.4187252,73230045.01487768,,336270937.08555573
2451289.540613426, A.D. 1999-Apr-21 00:58:29.0000,-312165987.1198516,-102873398.0342561,73857618.83471565,,336876071.2748235
2451290.540613426, A.D. 1999-Apr-22 00:58:29.0000,-312126972.3678753,-104508805.0985332,74483278.66264026,,337480512.0640244
2451291.540613426, A.D. 1999-Apr-23 00:58:29.0000,-312079913.1951978,-106141518.7520286,75107018.63752854,,338084247.5944827
2451292.540613426, A.D. 1999-Apr-24 00:58:29.0000,-312024853.8309031,-107771511.5364732,75728833.03483617,,338687266.16138184
2451293.540613426, A.D. 1999-Apr-25 00:58:29.0000,-311961838.3386474,-109398756.3898433,76348716.26452035,,339289556.2119661
2451294.540613426, A.D. 1999-Apr-26 00:58:29.0000,-311890910.6154408,-111023226.6413987,76966662.8689895,,339891106.34375966
2451295.540613426, A.D. 1999-Apr-27 00:58:29.0000,-311812114.3904924,-112644896.0067735,77582667.52107951,,340491905.30280256
2451296.540613426, A.D. 1999-Apr-28 00:58:29.0000,-311725493.2241178,-114263738.583119,78196725.0220561,,341091941.9819031
2451297.540613426, A.D. 1999-Apr-29 00:58:29.0000,-311631090.5067073,-115879728.8442977,78808830.29964335,,341691205.4189068
2451298.540613426, A.D. 1999-Apr-30 00:58:29.0000,-311528949.4577528,-117492841.6361303,79418978.40607813,,342289684.7949833
2451299.540613426, A.D. 1999-May-01 00:58:29.0000,-311419113.1249317,-119103052.1716937,80027164.51618937,,342887369.43292826
2451300.540613426, A.D. 1999-May-02 00:58:29.0000,-311301624.3832463,-120710336.0266721,80633383.92550391,,343484248.79548347
2451301.540613426, A.D. 1999-May-03 00:58:29.0000,-311176525.9342171,-122314669.1347586,81237632.04837619,,344080312.4836719
2451302.540613426, A.D. 1999-May-04 00:58:29.0000,-311043860.3051271,-123916027.7831102,81839904.41614307,,344675550.23515
2451303.540613426, A.D. 1999-May-05 00:58:29.0000,-310903669.8483166,-125514388.6078532,82440196.67530322,,345269951.9225745
2451304.540613426, A.D. 1999-May-06 00:58:29.0000,-310755996.7405257,-127109728.5896408,83038504.58572039,,345863507.55198574
2451305.540613426, A.D. 1999-May-07 00:58:29.0000,-310600882.9822835,-128702025.0492617,83634824.01885083,,346456207.2612051
2451306.540613426, A.D. 1999-May-08 00:58:29.0000,-310438370.3973398,-130291255.6433004,84229150.95599414,,347048041.31824666
2451307.540613426, A.D. 1999-May-09 00:58:29.0000,-310268500.6321399,-131877398.3598471,84821481.48656726,,347639000.11974216
2451308.540613426, A.D. 1999-May-10 00:58:29.0000,-310091315.155338,-133460431.5142574,85411811.8064015,,348229074.18937767
2451309.540613426, A.D. 1999-May-11 00:58:29.0000,-309906855.2573476,-135040333.7449616,86000138.21606234,,348818254.17634183
2451310.540613426, A.D. 1999-May-12 00:58:29.0000,-309715162.0499269,-136617084.0093198,86586457.11919142,,349406530.85378295
2451311.540613426, A.D. 1999-May-13 00:58:29.0000,-309516276.4657961,-138190661.5795238,87170765.0208708,,349993895.11727417
2451312.540613426, A.D. 1999-May-14 00:58:29.0000,-309310239.2582846,-139761046.0385417,87753058.5260093,,350580337.98328435
2451313.540613426, A.D. 1999-May-15 00:58:29.0000,-309097091.0010071,-141328217.2761024,88333334.33775057,,351165850.5876545
2451314.540613426, A.D. 1999-May-16 00:58:29.0000,-308876872.0875646,-142892155.4847173,88911589.255903,,351750424.18407506
2451315.540613426, A.D. 1999-May-17 00:58:29.0000,-308649622.7312741,-144452841.1557331,89487820.17539197,,352334050.14256656
2451316.540613426, A.D. 1999-May-18 00:58:29.0000,-308415382.9649224,-146010255.0754141,90062024.0847339,,352916719.9479594
2451317.540613426, A.D. 1999-May-19 00:58:29.0000,-308174192.6405501,-147564378.3210461,90634198.0645332,,353498425.19837725
2451318.540613426, A.D. 1999-May-20 00:58:29.0000,-307926091.4292678,-149115192.2570588,91204339.28600244,,354079157.6037224
2451319.540613426, A.D. 1999-May-21 00:58:29.0000,-307671118.8211113,-150662678.5311634,91772445.00950614,,354658908.9841702
2451320.540613426, A.D. 1999-May-22 00:58:29.0000,-307409314.1249411,-152206819.0705032,92338512.58312936,,355237671.26867664
2451321.540613426, A.D. 1999-May-23 00:58:29.0000,-307140716.4683983,-153747596.0778185,92902539.44127084,,355815436.49350846
2451322.540613426, A.D. 1999-May-24 00:58:29.0000,-306865364.7979245,-155284992.0276291,93464523.10326187,,356392196.8008058
2451323.540613426, A.D. 1999-May-25 00:58:29.0000,-306583297.8788545,-156818989.6624452,94024461.17201044,,356967944.43718815
2451324.540613426, A.D. 1999-May-26 00:58:29.0000,-306294554.2955882,-158349571.9890164,94582351.33266948,,357542671.7524137
2451325.540613426, A.D. 1999-May-27 00:58:29.0000,-305999172.4518414,-159876722.2746359,95138191.35132869,,358116371.1980993
2451326.540613426, A.D. 1999-May-28 00:58:29.0000,-305697190.5709748,-161400424.0435128,95691979.07372822,,358689035.326506
2451327.540613426, A.D. 1999-May-29 00:58:29.0000,-305388646.6963899,-162920661.073232,96243712.42399104,,359260656.7893892
2451328.540613426, A.D. 1999-May-30 00:58:29.0000,-305073578.6919774,-164437417.3913077,96793389.40337212,,359831228.3369053
2451329.540613426, A.D. 1999-May-31 00:58:29.0000,-304752024.2425969,-165950677.2718383,97341008.08902204,,360400742.81656146
2451330.540613426, A.D. 1999-Jun-01 00:58:29.0000,-304424020.8545776,-167460425.2322659,97886566.63276388,,360969193.1722015
2451331.540613426, A.D. 1999-Jun-02 00:58:29.0000,-304089605.8562101,-168966646.0302204,98430063.25988004,,361536572.4429978
2451332.540613426, A.D. 1999-Jun-03 00:58:29.0000,-303748816.398227,-170469324.6604529,98971496.26791131,,362102873.7624487
2451333.540613426, A.D. 1999-Jun-04 00:58:29.0000,-303401689.4542572,-171968446.3518313,99510864.0254662,,362668090.3573611
2451334.540613426, A.D. 1999-Jun-05 00:58:29.0000,-303048261.821258,-173463996.5643921,100048164.9710446,,363232215.5468187
2451335.540613426, A.D. 1999-Jun-06 00:58:29.0000,-302688570.1199111,-174955960.9864187,100583397.6118692,,363795242.7411125
2451336.540613426, A.D. 1999-Jun-07 00:58:29.0000,-302322650.7950109,-176444325.5315575,101116560.5227372,,364357165.44066584
2451337.540613426, A.D. 1999-Jun-08 00:58:29.0000,-301950540.1158329,-177929076.3359466,101647652.3448835,,364917977.2349297
2451338.540613426, A.D. 1999-Jun-09 00:58:29.0000,-301572274.1765007,-179410199.7553598,102176671.7848628,,365477671.8012691
2451339.540613426, A.D. 1999-Jun-10 00:58:29.0000,-301187888.8963518,-180887682.3623618,102703617.6134453,,366036242.90383685
2451340.540613426, A.D. 1999-Jun-11 00:58:29.0000,-300797420.0203162,-182361510.9434767,103228488.6645332,,366593684.39244825
2451341.540613426, A.D. 1999-Jun-12 00:58:29.0000,-300400903.1193079,-183831672.4963709,103751283.834092,,367149990.2014585
2451342.540613426, A.D. 1999-Jun-13 00:58:29.0000,-299998373.5906332,-185298154.2270524,104272002.0791011,,367705154.34864616
2451343.540613426, A.D. 1999-Jun-14 00:58:29.0000,-299589866.6584202,-186760943.5470908,104790642.4165199,,368259170.934108
2451344.540613426, A.D. 1999-Jun-15 00:58:29.0000,-299175417.3740695,-188220028.0708596,105307203.9222714,,368812034.13916785
2451345.540613426, A.D. 1999-Jun-16 00:58:29.0000,-298755060.6167252,-189675395.6128033,105821685.7302429,,369363738.2252986
2451346.540613426, A.D. 1999-Jun-17 00:58:29.0000,-298328831.0937688,-191127034.1847331,106334087.0313016,,369914277.5330617
2451347.540613426, A.D. 1999-Jun-18 00:58:29.0000,-297896763.3413325,-192574931.9931511,106844407.0723267,,370463646.48106253
2451348.540613426, A.D. 1999-Jun-19 00:58:29.0000,-297458891.7248322,-194019077.436605,107352645.155256,,371011839.56492156
2451349.540613426, A.D. 1999-Jun-20 00:58:29.0000,-297015250.4395192,-195459459.1030747,107858800.6361487,,371558851.3562627
2451350.540613426, A.D. 1999-Jun-21 00:58:29.0000,-296565873.5110486,-196896065.7673912,108362872.9242613,,372104676.5017174
2451351.540613426, A.D. 1999-Jun-22 00:58:29.0000,-296110794.7960644,-198328886.3886874,108864861.4811391,,372649309.7219441
2451352.540613426, A.D. 1999-Jun-23 00:58:29.0000,-295650047.9827986,-199757910.1078823,109364765.8197204,,373192745.81066304
2451353.540613426, A.D. 1999-Jun-24 00:58:29.0000,-295183666.5916844,-201183126.2451978,109862585.5034555,,373734979.63370514
2451354.540613426, A.D. 1999-Jun-25 00:58:29.0000,-294711683.975983,-202604524.2977075,110358320.1454386,,374276006.1280754
2451355.540613426, A.D. 1999-Jun-26 00:58:29.0000,-294234133.3224214,-204022093.9369188,110851969.4075529,,374815820.3010305
2451356.540613426, A.D. 1999-Jun-27 00:58:29.0000,-293751047.6518411,-205435825.0063861,111343532.9996288,,375354417.22916776
2451357.540613426, A.D. 1999-Jun-28 00:58:29.0000,-293262459.8198584,-206845707.5193568,111833010.6786153,,375891792.05752903
2451358.540613426, A.D. 1999-Jun-29 00:58:29.0000,-292768402.5175334,-208251731.6564476,112320402.2477626,,376427939.9987157
2451359.540613426, A.D. 1999-Jun-30 00:58:29.0000,-292268908.2720477,-209653887.7633519,112805707.555819,,376962856.33201545
2451360.540613426, A.D. 1999-Jul-01 00:58:29.0000,-291764009.447392,-211052166.3485787,113288926.4962386,,377496536.40254253
2451361.540613426, A.D. 1999-Jul-02 00:58:29.0000,-291253738.2450604,-212446558.0812205,113770059.0064013,,378028975.62038755
2451362.540613426, A.D. 1999-Jul-03 00:58:29.0000,-290738126.7047524,-213837053.7887514,114249105.0668449,,378560169.4597795
2451363.540613426, A.D. 1999-Jul-04 00:58:29.0000,-290217206.7050826,-215223644.4548545,114726064.700509,,379090113.4582589
2451364.540613426, A.D. 1999-Jul-05 00:58:29.0000,-289691009.9642964,-216606321.2172781,115200937.9719899,,379618803.21586156
2451365.540613426, A.D. 1999-Jul-06 00:58:29.0000,-289159568.040992,-217985075.3657203,115673724.9868071,,380146234.39431214
2451366.540613426, A.D. 1999-Jul-07 00:58:29.0000,-288622912.3348486,-219359898.3397421,116144425.890681,,380672402.71623
2451367.540613426, A.D. 1999-Jul-08 00:58:29.0000,-288081074.08736,-220730781.7267077,116613040.8688218,,381197303.96434337
2451368.540613426, A.D. 1999-Jul-09 00:58:29.0000,-287534084.3825735,-222097717.259753,117079570.1452287,,381720933.9807153
2451369.540613426, A.D. 1999-Jul-10 00:58:29.0000,-286981974.1478332,-223460696.8157795,117544013.9820007,,382243288.6659779
2451370.540613426, A.D. 1999-Jul-11 00:58:29.0000,-286424774.1545292,-224819712.4134768,118006372.6786568,,382764363.97857827
2451371.540613426, A.D. 1999-Jul-12 00:58:29.0000,-285862515.0188497,-226174756.2113706,118466646.571468,,383284155.934033
2451372.540613426, A.D. 1999-Jul-13 00:58:29.0000,-285295227.2025384,-227525820.5058957,118924836.0327981,,383802660.6041925
2451373.540613426, A.D. 1999-Jul-14 00:58:29.0000,-284722941.0136548,-228872897.7294968,119380941.4704558,,384319874.11651546
2451374.540613426, A.D. 1999-Jul-15 00:58:29.0000,-284145686.6073381,-230215980.4487517,119834963.3270555,,384835792.65335023
2451375.540613426, A.D. 1999-Jul-16 00:58:29.0000,-283563493.9865763,-231555061.3625234,120286902.07939,,385350412.451231
2451376.540613426, A.D. 1999-Jul-17 00:58:29.0000,-282976393.0029758,-232890133.3001336,120736758.2378103,,385863729.8001771
2451377.540613426, A.D. 1999-Jul-18 00:58:29.0000,-282384413.3575354,-234221189.2195624,121184532.3456167,,386375741.04300505
2451378.540613426, A.D. 1999-Jul-19 00:58:29.0000,-281787584.6014224,-235548222.2056714,121630224.9784587,,386886442.57464826
2451379.540613426, A.D. 1999-Jul-20 00:58:29.0000,-281185936.1367517,-236871225.4684523,122073836.7437439,,387395830.841487
2451380.540613426, A.D. 1999-Jul-21 00:58:29.0000,-280579497.2173666,-238190192.3412974,122515368.2800565,,387903902.34068584
2451381.540613426, A.D. 1999-Jul-22 00:58:29.0000,-279968296.9496216,-239505116.2792953,122954820.2565845,,388410653.6195413
2451382.540613426, A.D. 1999-Jul-23 00:58:29.0000,-279352364.2931672,-240815990.8575485,123392193.3725554,,388916081.2748367
2451383.540613426, A.D. 1999-Jul-24 00:58:29.0000,-278731728.0617356,-242122809.7695163,123827488.3566809,,389420181.9522078
2451384.540613426, A.D. 1999-Jul-25 00:58:29.0000,-278106416.9239287,-243425566.8253779,124260705.9666103,,389922952.34551525
2451385.540613426, A.D. 1999-Jul-26 00:58:29.0000,-277476459.4040057,-244724255.9504209,124691846.9883914,,390424389.1962263
2451386.540613426, A.D. 1999-Jul-27 00:58:29.0000,-276841883.8826718,-246018871.1834512,125120912.235941,,390924489.2928049
2451387.540613426, A.D. 1999-Jul-28 00:58:29.0000,-276202718.5978676,-247309406.6752264,125547902.5505217,,391423249.47011083
2451388.540613426, A.D. 1999-Jul-29 00:58:29.0000,-275558991.6455578,-248595856.6869106,125972818.8002282,,391920666.60880584
2451389.540613426, A.D. 1999-Jul-30 00:58:29.0000,-274910730.9805194,-249878215.5885527,126395661.8794803,,392416737.6347684
2451390.540613426, A.D. 1999-Jul-31 00:58:29.0000,-274257964.4171287,-251156477.8575861,126816432.7085239,,392911459.51851636
2451391.540613426, A.D. 1999-Aug-01 00:58:29.0000,-273600719.6301471,-252430638.0773514,127235132.2329394,,393404829.2746376
2451392.540613426, A.D. 1999-Aug-02 00:58:29.0000,-272939024.1555035,-253700690.9356402,127651761.4231572,,393896843.961226
2451393.540613426, A.D. 1999-Aug-03 00:58:29.0000,-272272905.3910741,-254966631.223261,128066321.2739803,,394387500.6793262
2451394.540613426, A.D. 1999-Aug-04 00:58:29.0000,-271602390.5974585,-256228453.8326263,128478812.8041137,,394876796.57238305
2451395.540613426, A.D. 1999-Aug-05 00:58:29.0000,-270927506.8987494,-257486153.7563609,128889237.0557007,,395364728.8256969
2451396.540613426, A.D. 1999-Aug-06 00:58:29.0000,-270248281.2832971,-258739726.0859296,129297595.0938654,,395851294.66588223
2451397.540613426, A.D. 1999-Aug-07 00:58:29.0000,-269564740.604466,-259989166.0102847,129703888.0062625,,396336491.3603307
2451398.540613426, A.D. 1999-Aug-08 00:58:29.0000,-268876911.5813816,-261234468.8145308,130108116.9026316,,396820316.21667385
2451399.540613426, A.D. 1999-Aug-09 00:58:29.0000,-268184820.7996687,-262475629.8786062,130510282.9143597,,397302766.5822473
2451400.540613426, A.D. 1999-Aug-10 00:58:29.0000,-267488494.7121768,-263712644.6759774,130910387.1940485,,397783839.8435515
2451401.540613426, A.D. 1999-Aug-11 00:58:29.0000,-266787959.6396945,-264945508.7723451,131308430.9150882,,398263533.42570865
2451402.540613426, A.D. 1999-Aug-12 00:58:29.0000,-266083241.77165,-266174217.8243567,131704415.2712379,,398741844.79191184
2451403.540613426, A.D. 1999-Aug-13 00:58:29.0000,-265374367.1668008,-267398767.5783233,132098341.4762125,,399218771.44286716
2451404.540613426, A.D. 1999-Aug-14 00:58:29.0000,-264661361.7539117,-268619153.8689339,132490210.7632761,,399694310.9162229
2451405.540613426, A.D. 1999-Aug-15 00:58:29.0000,-263944251.3324263,-269835372.6179649,132880024.3848438,,400168460.7859891
2451406.540613426, A.D. 1999-Aug-16 00:58:29.0000,-263223061.5731348,-271047419.8329785,133267783.6120914,,400641218.66194504
2451407.540613426, A.D. 1999-Aug-17 00:58:29.0000,-262497818.0188469,-272255291.6060073,133653489.7345737,,401112582.18903774
2451408.540613426, A.D. 1999-Aug-18 00:58:29.0000,-261768546.0850765,-273458984.1122245,134037144.0598535,,401582549.0467764
2451409.540613426, A.D. 1999-Aug-19 00:58:29.0000,-261035271.0607489,-274658493.6085987,134418747.9131401,,402051116.9486283
2451410.540613426, A.D. 1999-Aug-20 00:58:29.0000,-260298018.1089427,-275853816.4325417,134798302.6369403,,402518283.6414292
2451411.540613426, A.D. 1999-Aug-21 00:58:29.0000,-259556812.2676691,-277044949.0005525,135175809.5907188,,402984046.90481114
2451412.540613426, A.D. 1999-Aug-22 00:58:29.0000,-258811678.4507062,-278231887.8068771,135551270.1505704,,403448404.55067277
2451413.540613426, A.D. 1999-Aug-23 00:58:29.0000,-258062641.448479,-279414629.4221921,135924685.7089008,,403911354.4226884
2451414.540613426, A.D. 1999-Aug-24 00:58:29.0000,-257309725.9289898,-280593170.4923333,136296057.6741159,,404372894.39587486
2451415.540613426, A.D. 1999-Aug-25 00:58:29.0000,-256552956.4387868,-281767507.7370818,136665387.4703158,,404833022.37621385
2451416.540613426, A.D. 1999-Aug-26 00:58:29.0000,-255792357.4039575,-282937637.9490196,137032676.5369929,,405291736.3003304
2451417.540613426, A.D. 1999-Aug-27 00:58:29.0000,-255027953.1311297,-284103557.99246,137397926.328731,,405749034.13522035
2451418.540613426, A.D. 1999-Aug-28 00:58:29.0000,-254259767.8084607,-285265264.8024508,137761138.314903,,406204913.8780112
2451419.540613426, A.D. 1999-Aug-29 00:58:29.0000,-253487825.5065987,-286422755.3838447,138122313.9793684,,406659373.5557473
2451420.540613426, A.D. 1999-Aug-30 00:58:29.0000,-252712150.1796048,-287576026.8104239,138481454.8201681,,407112411.2251787
2451421.540613426, A.D. 1999-Aug-31 00:58:29.0000,-251932765.6658268,-288725076.2240661,138838562.3492184,,407564024.97254705
2451422.540613426, A.D. 1999-Sep-01 00:58:29.0000,-251149695.6887228,-289869900.8339331,139193638.0920033,,408014212.9133492
2451423.540613426, A.D. 1999-Sep-02 00:58:29.0000,-250362963.8576371,-291010497.9156724,139546683.5872692,,408462973.1920796
2451424.540613426, A.D. 1999-Sep-03 00:58:29.0000,-249572593.6685353,-292146864.8106186,139897700.3867212,,408910303.98194474
2451425.540613426, A.D. 1999-Sep-04 00:58:29.0000,-248778608.504706,-293278998.9249898,140246690.054722,,409356203.4845535
2451426.540613426, A.D. 1999-Sep-05 00:58:29.0000,-247981031.6374362,-294406897.7290693,140593654.1679963,,409800669.92957926
2451427.540613426, A.D. 1999-Sep-06 00:58:29.0000,-247179886.2266702,-295530558.7563782,140938594.3153403,,410243701.5744066
2451428.540613426, A.D. 1999-Sep-07 00:58:29.0000,-246375195.3216591,-296649979.6028342,141281512.0973363,,410685296.70376253
2451429.540613426, A.D. 1999-Sep-08 00:58:29.0000,-245566981.8616048,-297765157.9259011,141622409.1260738,,411125453.62933636
2451430.540613426, A.D. 1999-Sep-09 00:58:29.0000,-244755268.6763033,-298876091.4437314,141961287.0248768,,411564170.6893964
2451431.540613426, A.D. 1999-Sep-10 00:58:29.0000,-243940078.486792,-299982777.934305,142298147.4280365,,412001446.2484034
2451432.540613426, A.D. 1999-Sep-11 00:58:29.0000,-243121433.9059989,-301085215.234567,142632991.9805505,,412437278.69662595
2451433.540613426, A.D. 1999-Sep-12 00:58:29.0000,-242299357.4393977,-302183401.2395675,142965822.3378672,,412871666.44975907
2451434.540613426, A.D. 1999-Sep-13 00:58:29.0000,-241473871.4856681,-303277333.9016061,143296640.1656357,,413304607.94854796
2451435.540613426, A.D. 1999-Sep-14 00:58:29.0000,-240644998.33736,-304367011.2293828,143625447.1394606,,413736101.65841854
2451436.540613426, A.D. 1999-Sep-15 00:58:29.0000,-239812760.1815621,-305452431.2871556,143952244.9446618,,414166146.069113
2451437.540613426, A.D. 1999-Sep-16 00:58:29.0000,-238977179.1005745,-306533592.1939092,144277035.276039,,414594739.6943349
2451438.540613426, A.D. 1999-Sep-17 00:58:29.0000,-238138277.0725828,-307610492.1225319,144599819.8376401,,415021881.07139903
2451439.540613426, A.D. 1999-Sep-18 00:58:29.0000,-237296075.9723358,-308683129.2990041,144920600.3425348,,415447568.7608906
2451440.540613426, A.D. 1999-Sep-19 00:58:29.0000,-236450597.5718227,-309751502.0015972,145239378.5125909,,415871801.3463298
2451441.540613426, A.D. 1999-Sep-20 00:58:29.0000,-235601863.5409522,-310815608.5600838,145556156.0782559,,416294577.4338435
2451442.540613426, A.D. 1999-Sep-21 00:58:29.0000,-234749895.448231,-311875447.3549588,145870934.778341,,416715895.6518434
2451443.540613426, A.D. 1999-Sep-22 00:58:29.0000,-233894714.7614419,-312931016.8166727,146183716.3598104,,417135754.65071136
2451444.540613426, A.D. 1999-Sep-23 00:58:29.0000,-233036342.8483205,-313982315.4248748,146494502.5775722,,417554153.10248786
2451445.540613426, A.D. 1999-Sep-24 00:58:29.0000,-232174800.9772319,-315029341.7076682,146803295.1942748,,417971089.7005694
2451446.540613426, A.D. 1999-Sep-25 00:58:29.0000,-231310110.3178442,-316072094.2408753,147110095.9801049,,418386563.15940845
2451447.540613426, A.D. 1999-Sep-26 00:58:29.0000,-230442291.9418004,-317110571.6473147,147414906.7125902,,418800572.2142203
2451448.540613426, A.D. 1999-Sep-27 00:58:29.0000,-229571366.8233895,-318144772.5960872,147717729.1764044,,419213115.6206934
2451449.540613426, A.D. 1999-Sep-28 00:58:29.0000,-228697355.8402131,-319174695.8018742,148018565.1631765,,419624192.1547059
2451450.540613426, A.D. 1999-Sep-29 00:58:29.0000,-227820279.7738512,-320200340.024244,148317416.4713015,,420033800.6120446
2451451.540613426, A.D. 1999-Sep-30 00:58:29.0000,-226940159.3105246,-321221704.0669696,148614284.9057563,,420441939.8081302
2451452.540613426, A.D. 1999-Oct-01 00:58:29.0000,-226057015.041755,-322238786.7773563,148909172.2779169,,420848608.5777463
2451453.540613426, A.D. 1999-Oct-02 00:58:29.0000,-225170867.4650218,-323251587.0455773,149202080.4053797,,421253805.77477074
2451454.540613426, A.D. 1999-Oct-03 00:58:29.0000,-224281736.9844161,-324260103.8040209,149493011.1117851,,421657530.27191335
2451455.540613426, A.D. 1999-Oct-04 00:58:29.0000,-223389643.9112926,-325264336.0266455,149781966.2266441,,422059780.96045613
2451456.540613426, A.D. 1999-Oct-05 00:58:29.0000,-222494608.4649173,-326264282.7283441,150068947.5851683,,422460556.7499973
2451457.540613426, A.D. 1999-Oct-06 00:58:29.0000,-221596650.773113,-327259942.9643186,150353957.0281022,,422859856.56819975
2451458.540613426, A.D. 1999-Oct-07 00:58:29.0000,-220695790.8729017,-328251315.829461,150636996.4015579,,423257679.36054164
2451459.540613426, A.D. 1999-Oct-08 00:58:29.0000,-219792048.7111439,-329238400.4577459,150918067.5568537,,423654024.09007275
2451460.540613426, A.D. 1999-Oct-09 00:58:29.0000,-218885444.1451744,-330221196.0216297,151197172.3503543,,424048889.7371724
2451461.540613426, A.D. 1999-Oct-10 00:58:29.0000,-217975996.9434359,-331199701.7314592,151474312.643314,,424442275.29931176
2451462.540613426, A.D. 1999-Oct-11 00:58:29.0000,-217063726.7861091,-332173916.834888,151749490.3017229,,424834179.7908196
2451463.540613426, A.D. 1999-Oct-12 00:58:29.0000,-216148653.2657393,-333143840.6163025,152022707.1961551,,425224602.24265134
2451464.540613426, A.D. 1999-Oct-13 00:58:29.0000,-215230795.8878613,-334109472.3962542,152293965.2016194,,425613541.70216155
2451465.540613426, A.D. 1999-Oct-14 00:58:29.0000,-214310174.0716189,-335070811.530903,152563266.1974134,,426000997.2328801
2451466.540613426, A.D. 1999-Oct-15 00:58:29.0000,-213386807.1503841,-336027857.4114656,152830612.0669786,,426386967.91429114
2451467.540613426, A.D. 1999-Oct-16 00:58:29.0000,-212460714.3723707,-336980609.4636741,153096004.6977591,,426771452.8416159
2451468.540613426, A.D. 1999-Oct-17 00:58:29.0000,-211531914.9012468,-337929067.1472422,153359445.9810622,,427154451.12559927
2451469.540613426, A.D. 1999-Oct-18 00:58:29.0000,-210600427.8167425,-338873229.9553393,153620937.8119213,,427535961.8922991
2451470.540613426, A.D. 1999-Oct-19 00:58:29.0000,-209666272.1152554,-339813097.4140725,153880482.0889611,,427915984.28287923
2451471.540613426, A.D. 1999-Oct-20 00:58:29.0000,-208729466.7104528,-340748669.0819775,154138080.7142647,,428294517.45340633
2451472.540613426, A.D. 1999-Oct-21 00:58:29.0000,-207790030.4338695,-341679944.549517,154393735.5932438,,428671560.57465005
2451473.540613426, A.D. 1999-Oct-22 00:58:29.0000,-206847982.0355037,-342606923.4385869,154647448.6345096,,429047112.831886
2451474.540613426, A.D. 1999-Oct-23 00:58:29.0000,-205903340.1844082,-343529605.4020317,154899221.7497469,,429421173.4247032
2451475.540613426, A.D. 1999-Oct-24 00:58:29.0000,-204956123.4692782,-344447990.1231677,155149056.8535902,,429793741.56681526
2451476.540613426, A.D. 1999-Oct-25 00:58:29.0000,-204006350.3990345,-345362077.3153144,155396955.8635001,,430164816.48587376
2451477.540613426, A.D. 1999-Oct-26 00:58:29.0000,-203054039.4034038,-346271866.7213345,155642920.6996441,,430534397.4232865
2451478.540613426, A.D. 1999-Oct-27 00:58:29.0000,-202099208.8334925,-347177358.1131826,155886953.2847767,,430902483.63403845
2451479.540613426, A.D. 1999-Oct-28 00:58:29.0000,-201141876.9623567,-348078551.2914616,156129055.5441231,,431269074.3865161
2451480.540613426, A.D. 1999-Oct-29 00:58:29.0000,-200182061.9855663,-348975446.084989,156369229.4052632,,431634168.9623355
2451481.540613426, A.D. 1999-Oct-30 00:58:29.0000,-199219782.0217618,-349868042.3503697,156607476.7980177,,431997766.65617156
2451482.540613426, A.D. 1999-Oct-31 00:58:29.0000,-198255055.1132053,-350756339.9715796,156843799.6543353,,432359866.775592
2451483.540613426, A.D. 1999-Nov-01 00:58:29.0000,-197287899.2263228,-351640338.8595541,157078199.9081821,,432720468.64089125
2451484.540613426, A.D. 1999-Nov-02 00:58:29.0000,-196318332.2522374,-352520038.9517859,157310679.4954304,,433079571.5849254
2451485.540613426, A.D. 1999-Nov-03 00:58:29.0000,-195346372.0072925,-353395440.2119297,157541240.3537512,,433437174.95294917
2451486.540613426, A.D. 1999-Nov-04 00:58:29.0000,-194372036.2335636,-354266542.6294103,157769884.4225052,,433793278.1024485
2451487.540613426, A.D. 1999-Nov-05 00:58:29.0000,-193395342.5993575,-355133346.2190362,157996613.6426367,,434147880.40297204
2451488.540613426, A.D. 1999-Nov-06 00:58:29.0000,-192416308.6996984,-355995851.0206134,158221429.956568,,434500981.2359571
2451489.540613426, A.D. 1999-Nov-07 00:58:29.0000,-191434952.0567982,-356854057.0985599,158444335.3080952,,434852579.99454826
2451490.540613426, A.D. 1999-Nov-08 00:58:29.0000,-190451290.1205139,-357707964.5415139,158665331.6422854,,435202676.08340544
2451491.540613426, A.D. 1999-Nov-09 00:58:29.0000,-189465340.2687911,-358557573.4619331,158884420.9053755,,435551268.9184993
2451492.540613426, A.D. 1999-Nov-10 00:58:29.0000,-188477119.8080932,-359402883.9956844,159101605.0446742,,435898357.92689234
2451493.540613426, A.D. 1999-Nov-11 00:58:29.0000,-187486645.9738232,-360243896.3016118,159316886.0084657,,436243942.5465007
2451494.540613426, A.D. 1999-Nov-12 00:58:29.0000,-186493935.9307418,-361080610.5610855,159530265.7459182,,436588022.2258385
2451495.540613426, A.D. 1999-Nov-13 00:58:29.0000,-185499006.7733873,-361913026.9775254,159741746.2069966,,436930596.4237441
2451496.540613426, A.D. 1999-Nov-14 00:58:29.0000,-184501875.5265071,-362741145.7758987,159951329.3423803,,437271664.60909075
2451497.540613426, A.D. 1999-Nov-15 00:58:29.0000,-183502559.1455111,-363564967.2021925,160159017.1033875,,437611226.260486
2451498.540613426, A.D. 1999-Nov-16 00:58:29.0000,-182501074.5169565,-364384491.5228668,160364811.441907,,437949280.86597
2451499.540613426, A.D. 1999-Nov-17 00:58:29.0000,-181497438.4590752,-365199719.0242978,160568714.3103349,,438285827.9227219
2451500.540613426, A.D. 1999-Nov-18 00:58:29.0000,-180491667.7223479,-366010650.0122209,160770727.6615199,,438620866.93678576
2451501.540613426, A.D. 1999-Nov-19 00:58:29.0000,-179483778.9901267,-366817284.8111952,160970853.4487124,,438954397.42283136
2451502.540613426, A.D. 1999-Nov-20 00:58:29.0000,-178473788.8793075,-367619623.7640978,161169093.6255174,,439286418.9039575
2451503.540613426, A.D. 1999-Nov-21 00:58:29.0000,-177461713.941038,-368417667.2316679,161365450.1458498,,439616930.9115466
2451504.540613426, A.D. 1999-Nov-22 00:58:29.0000,-176447570.6614507,-369211415.5921121,161559924.963888,,439945932.985175
2451505.540613426, A.D. 1999-Nov-23 00:58:29.0000,-175431375.4623994,-370000869.2407714,161752520.0340243,,440273424.67257005
2451506.540613426, A.D. 1999-Nov-24 00:58:29.0000,-174413144.7021863,-370786028.5898569,161943237.3108139,,440599405.52961546
2451507.540613426, A.D. 1999-Nov-25 00:58:29.0000,-173392894.6762587,-371566894.0682387,162132078.7489146,,440923875.1203819
2451508.540613426, A.D. 1999-Nov-26 00:58:29.0000,-172370641.617865,-372343466.1212806,162319046.3030233,,441246833.017175
2451509.540613426, A.D. 1999-Nov-27 00:58:29.0000,-171346401.6986618,-373115745.210705,162504141.9278073,,441568278.80058575
2451510.540613426, A.D. 1999-Nov-28 00:58:29.0000,-170320191.0292719,-373883731.8144752,162687367.5778307,,441888212.0595324
2451511.540613426, A.D. 1999-Nov-29 00:58:29.0000,-169292025.6597933,-374647426.4266771,162868725.2074795,,442206632.39128155
2451512.540613426, A.D. 1999-Nov-30 00:58:29.0000,-168261921.5802678,-375406829.5573939,163048216.770884,,442523539.4014465
2451513.540613426, A.D. 1999-Dec-01 00:58:29.0000,-167229894.721115,-376161941.7325649,163225844.2218422,,442838932.70395935
2451514.540613426, A.D. 1999-Dec-02 00:58:29.0000,-166195960.953542,-376912763.4938247,163401609.5137436,,443152811.9210179
2451515.540613426, A.D. 1999-Dec-03 00:58:29.0000,-165160136.0899359,-377659295.3983206,163575514.599496,,443465176.6830086
2451516.540613426, A.D. 1999-Dec-04 00:58:29.0000,-164122435.8842461,-378401538.0185108,163747561.4314532,,443776026.6284114
2451517.540613426, A.D. 1999-Dec-05 00:58:29.0000,-163082876.0323624,-379139491.9419441,163917751.9613469,,444085361.40368783
2451518.540613426, A.D. 1999-Dec-06 00:58:29.0000,-162041472.1724927,-379873157.7710247,164086088.1402211,,444393180.6631589
2451519.540613426, A.D. 1999-Dec-07 00:58:29.0000,-160998239.885543,-380602536.1227649,164252571.9183688,,444699484.0688735
2451520.540613426, A.D. 1999-Dec-08 00:58:29.0000,-159953194.6955017,-381327627.6285306,164417205.2452719,,445004271.2904745
2451521.540613426, A.D. 1999-Dec-09 00:58:29.0000,-158906352.0698289,-382048432.9337791,164579990.069544,,445307542.0050596
2451522.540613426, A.D. 1999-Dec-10 00:58:29.0000,-157857727.4198504,-382764952.6977951,164740928.3388749,,445609295.89704406
2451523.540613426, A.D. 1999-Dec-11 00:58:29.0000,-156807336.1011573,-383477187.5934254,164900021.9999776,,445909532.6580242
2451524.540613426, A.D. 1999-Dec-12 00:58:29.0000,-155755193.4140091,-384185138.3068131,165057272.9985372,,446208251.98664147
2451525.540613426, A.D. 1999-Dec-13 00:58:29.0000,-154701314.6037411,-384888805.5371351,165212683.2791611,,446505453.5884514
2451526.540613426, A.D. 1999-Dec-14 00:58:29.0000,-153645714.8611751,-385588189.9963408,165366254.7853321,,446801137.1757945
2451527.540613426, A.D. 1999-Dec-15 00:58:29.0000,-152588409.3230311,-386283292.4088944,165517989.459361,,447095302.46767014
2451528.540613426, A.D. 1999-Dec-16 00:58:29.0000,-151529413.0723424,-386974113.5115228,165667889.2423425,,447387949.1896162
2451529.540613426, A.D. 1999-Dec-17 00:58:29.0000,-150468741.1388702,-387660654.0529644,165815956.0741107,,447679077.0735883
2451530.540613426, A.D. 1999-Dec-18 00:58:29.0000,-149406408.4995193,-388342914.7937259,165962191.8931969,,447968685.8578472
2451531.540613426, A.D. 1999-Dec-19 00:58:29.0000,-148342430.0787538,-389020896.5058396,166106598.6367877,,448256775.28684384
2451532.540613426, A.D. 1999-Dec-20 00:58:29.0000,-147276820.7490121,-389694599.9726291,166249178.2406851,,448543345.1111131
2451533.540613426, A.D. 1999-Dec-21 00:58:29.0000,-146209595.3311211,-390364025.9884756,166389932.6392657,,448828395.0871656
2451534.540613426, A.D. 1999-Dec-22 00:58:29.0000,-145140768.5947099,-391029175.3585918,166528863.7654434,,449111924.9773859
2451535.540613426, A.D. 1999-Dec-23 00:58:29.0000,-144070355.258621,-391690048.8987973,166665973.5506308,,449393934.54993033
2451536.540613426, A.D. 1999-Dec-24 00:58:29.0000,-142998369.9913212,-392346647.4352999,166801263.9247022,,449674423.5786292
2451537.540613426, A.D. 1999-Dec-25 00:58:29.0000,-141924827.4113098,-392998971.80448,166934736.8159583,,449953391.84289056
2451538.540613426, A.D. 1999-Dec-26 00:58:29.0000,-140849742.0875259,-393647022.8526791,167066394.1510902,,450230839.1276053
2451539.540613426, A.D. 1999-Dec-27 00:58:29.0000,-139773128.5397528,-394290801.4359924,167196237.8551453,,450506765.22305614
2451540.540613426, A.D. 1999-Dec-28 00:58:29.0000,-138695001.2390214,-394930308.4200642,167324269.8514938,,450781169.92482585
2451541.540613426, A.D. 1999-Dec-29 00:58:29.0000,-137615374.6080103,-395565544.6798882,167450492.0617954,,451054053.0337102
2451542.540613426, A.D. 1999-Dec-30 00:58:29.0000,-136534263.0214456,-396196511.0996101,167574906.4059677,,451325414.3556305
