timestamp,vehicle_count
2021-02-21 00:00:00,96
2021-02-21 00:05:00,107
2021-02-21 00:10:00,88
2021-02-21 00:15:00,103
2021-02-21 00:20:00,111
2021-02-21 00:25:00,90
2021-02-21 00:30:00,94
2021-02-21 00:35:00,98
2021-02-21 00:40:00,103
2021-02-21 00:45:00,94
2021-02-21 00:50:00,99
2021-02-21 00:55:00,90
2021-02-21 01:00:00,103
2021-02-21 01:05:00,103
2021-02-21 01:10:00,94
2021-02-21 01:15:00,105
2021-02-21 01:20:00,86
2021-02-21 01:25:00,92
2021-02-21 01:30:00,94
2021-02-21 01:35:00,101
2021-02-21 01:40:00,103
2021-02-21 01:45:00,84
2021-02-21 01:50:00,76
2021-02-21 01:55:00,97
2021-02-21 02:00:00,111
2021-02-21 02:05:00,93
2021-02-21 02:10:00,87
2021-02-21 02:15:00,108
2021-02-21 02:20:00,106
2021-02-21 02:25:00,108
2021-02-21 02:30:00,96
2021-02-21 02:35:00,113
2021-02-21 02:40:00,95
2021-02-21 02:45:00,94
2021-02-21 02:50:00,107
2021-02-21 02:55:00,114
2021-02-21 03:00:00,86
2021-02-21 03:05:00,108
2021-02-21 03:10:00,108
2021-02-21 03:15:00,101
2021-02-21 03:20:00,94
2021-02-21 03:25:00,116
2021-02-21 03:30:00,97
2021-02-21 03:35:00,217
2021-02-21 03:40:00,94
2021-02-21 03:45:00,118
2021-02-21 03:50:00,104
2021-02-21 03:55:00,110
2021-02-21 04:00:00,115
2021-02-21 04:05:00,94
2021-02-21 04:10:00,91
2021-02-21 04:15:00,110
2021-02-21 04:20:00,98
2021-02-21 04:25:00,86
2021-02-21 04:30:00,121
2021-02-21 04:35:00,100
2021-02-21 04:40:00,96
2021-02-21 04:45:00,127
2021-02-21 04:50:00,100
2021-02-21 04:55:00,93
2021-02-21 05:00:00,103
2021-02-21 05:05:00,78
2021-02-21 05:10:00,116
2021-02-21 05:15:00,88
2021-02-21 05:20:00,105
2021-02-21 05:25:00,92
2021-02-21 05:30:00,96
2021-02-21 05:35:00,104
2021-02-21 05:40:00,84
2021-02-21 05:45:00,95
2021-02-21 05:50:00,105
2021-02-21 05:55:00,100
2021-02-21 06:00:00,104
2021-02-21 06:05:00,106
2021-02-21 06:10:00,120
2021-02-21 06:15:00,95
2021-02-21 06:20:00,118
2021-02-21 06:25:00,92
2021-02-21 06:30:00,110
2021-02-21 06:35:00,101
2021-02-21 06:40:00,84
2021-02-21 06:45:00,115
2021-02-21 06:50:00,95
2021-02-21 06:55:00,114
2021-02-21 07:00:00,104
2021-02-21 07:05:00,89
2021-02-21 07:10:00,103
2021-02-21 07:15:00,85
2021-02-21 07:20:00,101
2021-02-21 07:25:00,104
2021-02-21 07:30:00,106
2021-02-21 07:35:00,95
2021-02-21 07:40:00,104
2021-02-21 07:45:00,105
2021-02-21 07:50:00,84
2021-02-21 07:55:00,93
2021-02-21 08:00:00,115
2021-02-21 08:05:00,109
2021-02-21 08:10:00,102
2021-02-21 08:15:00,90
2021-02-21 08:20:00,93
2021-02-21 08:25:00,104
2021-02-21 08:30:00,117
2021-02-21 08:35:00,98
2021-02-21 08:40:00,94
2021-02-21 08:45:00,112
2021-02-21 08:50:00,89
2021-02-21 08:55:00,119
2021-02-21 09:00:00,102
2021-02-21 09:05:00,87
2021-02-21 09:10:00,113
2021-02-21 09:15:00,106
2021-02-21 09:20:00,96
2021-02-21 09:25:00,110
2021-02-21 09:30:00,100
2021-02-21 09:35:00,110
2021-02-21 09:40:00,106
2021-02-21 09:45:00,114
2021-02-21 09:50:00,96
2021-02-21 09:55:00,102
2021-02-21 10:00:00,99
2021-02-21 10:05:00,93
2021-02-21 10:10:00,69
2021-02-21 10:15:00,111
2021-02-21 10:20:00,87
2021-02-21 10:25:00,108
2021-02-21 10:30:00,104
2021-02-21 10:35:00,78
2021-02-21 10:40:00,101
2021-02-21 10:45:00,100
2021-02-21 10:50:00,218
2021-02-21 10:55:00,98
2021-02-21 11:00:00,111
2021-02-21 11:05:00,97
2021-02-21 11:10:00,88
2021-02-21 11:15:00,101
2021-02-21 11:20:00,105
2021-02-21 11:25:00,102
2021-02-21 11:30:00,98
2021-02-21 11:35:00,96
2021-02-21 11:40:00,76
2021-02-21 11:45:00,112
2021-02-21 11:50:00,99
2021-02-21 11:55:00,100
2021-02-21 12:00:00,89
2021-02-21 12:05:00,97
2021-02-21 12:10:00,104
2021-02-21 12:15:00,96
2021-02-21 12:20:00,100
2021-02-21 12:25:00,105
2021-02-21 12:30:00,81
2021-02-21 12:35:00,120
2021-02-21 12:40:00,97
2021-02-21 12:45:00,99
2021-02-21 12:50:00,120
2021-02-21 12:55:00,90
2021-02-21 13:00:00,85
2021-02-21 13:05:00,84
2021-02-21 13:10:00,82
2021-02-21 13:15:00,112
2021-02-21 13:20:00,110
2021-02-21 13:25:00,86
2021-02-21 13:30:00,104
2021-02-21 13:35:00,107
2021-02-21 13:40:00,93
2021-02-21 13:45:00,108
2021-02-21 13:50:00,96
2021-02-21 13:55:00,95
2021-02-21 14:00:00,112
2021-02-21 14:05:00,108
2021-02-21 14:10:00,85
2021-02-21 14:15:00,100
2021-02-21 14:20:00,95
2021-02-21 14:25:00,97
2021-02-21 14:30:00,116
2021-02-21 14:35:00,95
2021-02-21 14:40:00,123
2021-02-21 14:45:00,104
2021-02-21 14:50:00,94
2021-02-21 14:55:00,105
2021-02-21 15:00:00,109
2021-02-21 15:05:00,84
2021-02-21 15:10:00,79
2021-02-21 15:15:00,98
2021-02-21 15:20:00,96
2021-02-21 15:25:00,88
2021-02-21 15:30:00,103
2021-02-21 15:35:00,83
2021-02-21 15:40:00,82
2021-02-21 15:45:00,106
2021-02-21 15:50:00,96
2021-02-21 15:55:00,96
2021-02-21 16:00:00,109
2021-02-21 16:05:00,98
2021-02-21 16:10:00,86
2021-02-21 16:15:00,79
2021-02-21 16:20:00,86
2021-02-21 16:25:00,108
2021-02-21 16:30:00,127
2021-02-21 16:35:00,93
2021-02-21 16:40:00,82
2021-02-21 16:45:00,104
2021-02-21 16:50:00,99
2021-02-21 16:55:00,102
2021-02-21 17:00:00,76
2021-02-21 17:05:00,99
2021-02-21 17:10:00,93
2021-02-21 17:15:00,99
2021-02-21 17:20:00,102
2021-02-21 17:25:00,106
2021-02-21 17:30:00,94
2021-02-21 17:35:00,105
2021-02-21 17:40:00,116
2021-02-21 17:45:00,122
2021-02-21 17:50:00,103
2021-02-21 17:55:00,119
2021-02-21 18:00:00,76
2021-02-21 18:05:00,96
2021-02-21 18:10:00,103
2021-02-21 18:15:00,111
2021-02-21 18:20:00,97
2021-02-21 18:25:00,112
2021-02-21 18:30:00,99
2021-02-21 18:35:00,124
2021-02-21 18:40:00,91
2021-02-21 18:45:00,103
2021-02-21 18:50:00,86
2021-02-21 18:55:00,101
2021-02-21 19:00:00,101
2021-02-21 19:05:00,181
2021-02-21 19:10:00,113
2021-02-21 19:15:00,87
2021-02-21 19:20:00,108
2021-02-21 19:25:00,106
2021-02-21 19:30:00,87
2021-02-21 19:35:00,96
2021-02-21 19:40:00,97
2021-02-21 19:45:00,116
2021-02-21 19:50:00,100
2021-02-21 19:55:00,97
2021-02-21 20:00:00,100
2021-02-21 20:05:00,99
2021-02-21 20:10:00,100
2021-02-21 20:15:00,104
2021-02-21 20:20:00,82
2021-02-21 20:25:00,204
2021-02-21 20:30:00,87
2021-02-21 20:35:00,90
2021-02-21 20:40:00,115
2021-02-21 20:45:00,105
2021-02-21 20:50:00,90
2021-02-21 20:55:00,89
2021-02-21 21:00:00,89
2021-02-21 21:05:00,86
2021-02-21 21:10:00,91
2021-02-21 21:15:00,100
2021-02-21 21:20:00,104
2021-02-21 21:25:00,80
2021-02-21 21:30:00,110
2021-02-21 21:35:00,90
2021-02-21 21:40:00,96
2021-02-21 21:45:00,103
2021-02-21 21:50:00,99
2021-02-21 21:55:00,73
2021-02-21 22:00:00,106
2021-02-21 22:05:00,100
2021-02-21 22:10:00,85
2021-02-21 22:15:00,101
2021-02-21 22:20:00,93
2021-02-21 22:25:00,205
2021-02-21 22:30:00,103
2021-02-21 22:35:00,109
2021-02-21 22:40:00,83
2021-02-21 22:45:00,102
2021-02-21 22:50:00,98
2021-02-21 22:55:00,93
2021-02-21 23:00:00,104
2021-02-21 23:05:00,96
2021-02-21 23:10:00,103
2021-02-21 23:15:00,85
2021-02-21 23:20:00,92
2021-02-21 23:25:00,90
2021-02-21 23:30:00,83
2021-02-21 23:35:00,86
2021-02-21 23:40:00,110
2021-02-21 23:45:00,89
2021-02-21 23:50:00,118
2021-02-21 23:55:00,102
